{
"apiVersion": "V2",
"assemblies": [
{
  "files": [
    {
      "filePath": "data_summary.tsv",
      "fileType": "DATA_TABLE",
      "uncompressedLengthBytes": "569"
    },
    {
      "filePath": "assembly_data_report.jsonl",
      "fileType": "DATA_REPORT",
      "uncompressedLengthBytes": "5541"
    }
  ]
},{
  "accession": "GCA_000092025.1",
  "files": [
    {
      "filePath": "GCA_000092025.1/GCA_000092025.1_ASM9202v1_genomic.fna",
      "fileType": "GENOMIC_NUCLEOTIDE_FASTA",
      "uncompressedLengthBytes": "5745511"
    },
    {
      "filePath": "GCA_000092025.1/genomic.gtf",
      "fileType": "GTF",
      "uncompressedLengthBytes": "5123853"
    }
  ]
},{
  "accession": "GCF_000092025.1",
  "files": [
    {
      "filePath": "GCF_000092025.1/GCF_000092025.1_ASM9202v1_genomic.fna",
      "fileType": "GENOMIC_NUCLEOTIDE_FASTA",
      "uncompressedLengthBytes": "5745495"
    },
    {
      "filePath": "GCF_000092025.1/genomic.gtf",
      "fileType": "GTF",
      "uncompressedLengthBytes": "9300006"
    }
  ]
}]}
